URL,AllMessagesFlag,LastMessages
https://t.me/ConfigsHUB2,true,200
https://t.me/DailyV2Proxy,true,200
https://t.me/VpnQavi,true,200
https://t.me/shankamil,true,200
https://t.me/proxyx7x,true,200
https://t.me/Safewebs,true,200
https://t.me/VPN_PASARGAD,true,200
https://t.me/NetBaz_Channel,true,200
https://t.me/DrNpv,true,200
https://t.me/v2box,true,200
https://t.me/FreeV2rays,true,50
https://t.me/configV2rayNG,true,50
https://t.me/vpnmasi,true,50
https://t.me/v2ray_ar,true,50
https://t.me/iSeqaro,true,50
https://t.me/God_CONFIG,true,50
https://t.me/vpn_ioss,true,50
https://t.me/AliAlma_GSM,true,50
https://t.me/reality_daily,true,50
https://t.me/v2rayng_org,true,50
https://t.me/v2rayngvpn,true,50
https://t.me/flyv2ray,true,50
https://t.me/v2ray_outlineir,true,50
https://t.me/v2_vmess,true,50
https://t.me/FreeVlessVpn,true,50
https://t.me/freeland8,true,50
https://t.me/vmess_vless_v2rayng,true,50
https://t.me/PrivateVPNs,true,50
https://t.me/vmessiran,true,50
https://t.me/Outline_Vpn,true,50
https://t.me/vmessq,true,50
https://t.me/WeePeeN,true,50
https://t.me/V2rayNG3,true,50
https://t.me/ShadowsocksM,true,50
https://t.me/shadowsocksshop,true,50
https://t.me/v2rayan,true,50
https://t.me/ShadowSocks_s,true,50
https://t.me/VmessProtocol,true,50
https://t.me/napsternetv_config,true,50
https://t.me/Easy_Free_VPN,true,50
https://t.me/V2Ray_FreedomIran,true,50
https://t.me/V2RAY_VMESS_free,true,50
https://t.me/v2ray_for_free,true,50
https://t.me/V2rayN_Free,true,50
https://t.me/free4allVPN,true,50
https://t.me/vpn_ocean,true,50
https://t.me/configV2rayForFree,true,50
https://t.me/DigiV2ray,true,50
https://t.me/v2rayNG_VPN,true,50
https://t.me/freev2rayssr,true,50
https://t.me/v2rayn_server,true,50
https://t.me/Shadowlinkserverr,true,50
https://t.me/iranvpnet,true,50
https://t.me/vmess_iran,true,50
https://t.me/mahsaamoon1,true,50
https://t.me/V2RAY_NEW,true,50
https://t.me/v2RayChannel,true,50
https://t.me/config_v2ray,true,50
https://t.me/vpn_proxy_custom,true,50
https://t.me/v2ray_custom,true,50
https://t.me/VPNCUSTOMIZE,true,50
https://t.me/HTTPCustomLand,true,50
https://t.me/vpn_proxy_custom,true,50
https://t.me/ViPVpn_v2ray,true,50
https://t.me/FreeNet1500,true,50
https://t.me/beta_v2ray,true,50
https://t.me/vip_vpn_2022,true,50
https://t.me/FOX_VPN66,true,50
https://t.me/VorTexIRN,true,50
https://t.me/YtTe3la,true,50
https://t.me/V2RayOxygen,true,50
https://t.me/Network_442,true,50
https://t.me/VPN_443,true,50
https://t.me/v2rayng_v,true,50
https://t.me/ultrasurf_12,true,50
https://t.me/frev2rayng,true,50
https://t.me/frev2ray,true,50
https://t.me/FreakConfig,true,50
https://t.me/Awlix_ir,true,50
https://t.me/v2rayngvpn,true,50
https://t.me/Configforvpn01,true,50
https://t.me/polproxy,true,50
https://t.me/v2rayvpnchannel,true,50
https://t.me/proxy_mtm,true,50
https://t.me/V2Ray_FreedomIran,true,50
https://t.me/v2rayfree1,true,50
https://t.me/free_v2rayyy,true,50
https://t.me/nx_v2ray,true,50
https://t.me/nufilter,true,50
https://t.me/Free_HTTPCustom,true,50
https://t.me/customv2ray,true,50
https://t.me/vpn_Nv1,true,50
https://t.me/shopingv2ray,true,50
https://t.me/v2rayng_vpnrog,true,50
https://t.me/ServerNett,true,50
https://t.me/MT_TEAM_IRAN,true,50
https://t.me/V2ray_Team,true,50
https://t.me/VpnProsecc,true,50
https://t.me/ConfigsHUB,true,50
https://t.me/melov2ray,true,50
https://t.me/V2pedia,true,50
https://t.me/FalconPolV2rayNG,true,50
https://t.me/ShadowProxy66,true,50
https://t.me/VPNCUSTOMIZE,true,50
https://t.me/prrofile_purple,true,50
https://t.me/MsV2ray,true,50
https://t.me/VlessConfig,true,50
https://t.me/vless_vmess,true,50
https://t.me/MehradLearn,true,50
https://t.me/kingofilter,true,50
https://t.me/IRN_VPN,true,50
https://t.me/V2raysFree,true,50
https://t.me/SvnTeam,true,50
https://t.me/flyv2ray,true,50
https://t.me/free1_vpn,true,50
https://t.me/UnlimitedDev,true,50
https://t.me/vpn_xw,true,50
https://t.me/V2RayTz,true,50
https://t.me/ipV2Ray,true,50
https://t.me/OutlineVpnOfficial,true,50
https://t.me/mehrosaboran,true,50
https://t.me/mftizi,true,50
https://t.me/https_config_injector,true,50
https://t.me/Hope_Net,true,50
https://t.me/V2rayng_Fast,true,50
https://t.me/DailyV2RY,true,50
https://t.me/shh_proxy,true,50
https://t.me/forwardv2ray,true,50
https://t.me/Lockey_vpn,true,50
https://t.me/shadow_socks1,true,50
https://t.me/Everyday_VPN,true,50
https://t.me/V2rayCollectorDonate,true,50
https://t.me/eliya_chiter0,true,50
https://t.me/v2ray1_ng,true,50
https://t.me/Romax_VPN,true,50
https://t.me/DailyV2RY,true,50
https://t.me/DeamNet_proxy,true,50
https://t.me/socks5tobefree,true,50
https://t.me/V_2rey,true,50
https://t.me/teamkingo,true,50
https://t.me/spdnet,true,50
https://t.me/TunelProV2,true,50
https://t.me/iran_v2ray1,true,50
https://t.me/v2rayvpn2,true,50
https://t.me/v2rayNgg_iran,true,50
https://t.me/V2rayNG_account_free,true,50
https://t.me/V2rayi_net,true,50
https://t.me/vpnowl,true,50
https://t.me/ghalagyann,true,50
https://t.me/XpnTeam,true,50
https://t.me/fhkllvjkll,true,50
https://t.me/V2ray_Alpha,true,50
https://t.me/IRANVPNNET,true,50
https://t.me/GH_v2rayng,true,50
https://t.me/VPNwedbaz,true,50
https://t.me/proxyymeliii,true,50
https://t.me/icv2ray,true,50
https://t.me/iTV2RAY,true,50
https://t.me/ArV2ray,true,50
https://t.me/SEVEN_ping,true,50
https://t.me/meli_proxyy,true,50
https://t.me/SafeNetIR,true,50
https://t.me/SafeNet_Server,true,50
https://t.me/V2RAYROZ,true,50
https://t.me/V2Graphy,true,50
https://t.me/ViraV2ray,true,50
https://t.me/oneclickvpnkeys,true,50
https://t.me/DirectVPN,true,50
https://t.me/Parsashonam,true,50
https://t.me/fnet00,true,50
https://t.me/Outline_Vpn,true,50
https://t.me/vmess_vless_v2rayng,true,50
https://t.me/DeamNet_Proxy,true,50
https://t.me/SafeNet_Server,true,50
https://t.me/moh3enivx,true,50
https://t.me/ultrasurf_12,true,50
https://t.me/nofiltering2,true,50
https://t.me/V2rayNGX,true,50
https://t.me/IraneAzad_Net,true,50
https://t.me/VPN_SOLVE,true,50
https://t.me/Fr33C0nfig,true,50
https://t.me/Freedomnetir,true,50
https://t.me/iP_CF,true,50
https://t.me/IP_CF_Config,true,50
https://t.me/hddify,true,50
https://t.me/Fr33C0nfig,true,50
https://t.me/Vaslchi_VPN,true,50
https://t.me/ProxyPJ,true,50
